,Rank,Title,Genre,Description,Director,Actors,Year,Runtime,Rating,Votes,Revenue,Metascore
54,55,The Dark Knight,"Action,Crime,Drama","When the menace known as the Joker wreaks havoc and chaos on the people of Gotham, the Dark Knight must come to terms with one of the greatest psychological tests of his ability to fight injustice.",Christopher Nolan,"Christian Bale, Heath Ledger, Aaron Eckhart,Michael Caine",2008,152,9.0,1791916,533.32,82.0
80,81,Inception,"Action,Adventure,Sci-Fi","A thief, who steals corporate secrets through use of dream-sharing technology, is given the inverse task of planting an idea into the mind of a CEO.",Christopher Nolan,"Leonardo DiCaprio, Joseph Gordon-Levitt, Ellen Page, Ken Watanabe",2010,148,8.8,1583625,292.57,74.0
36,37,Interstellar,"Adventure,Drama,Sci-Fi",A team of explorers travel through a wormhole in space in an attempt to ensure humanity's survival.,Christopher Nolan,"Matthew McConaughey, Anne Hathaway, Jessica Chastain, Mackenzie Foy",2014,169,8.6,1047747,187.99,74.0
249,250,The Intouchables,"Biography,Comedy,Drama","After he becomes a quadriplegic from a paragliding accident, an aristocrat hires a young man from the projects to be his caregiver.",Olivier Nakache,"FranÃ§ois Cluzet, Omar Sy, Anne Le Ny, Audrey Fleurot",2011,112,8.6,557965,13.18,57.0
96,97,Kimi no na wa,"Animation,Drama,Fantasy","Two strangers find themselves linked in a bizarre way. When a connection forms, will distance be the only thing to keep them apart?",Makoto Shinkai,"RyÃ»nosuke Kamiki, Mone Kamishiraishi, RyÃ´ Narita, Aoi Yuki",2016,106,8.6,34110,4.68,79.0
133,134,Whiplash,"Drama,Music",A promising young drummer enrolls at a cut-throat music conservatory where his dreams of greatness are mentored by an instructor who will stop at nothing to realize a student's potential.,Damien Chazelle,"Miles Teller, J.K. Simmons, Melissa Benoist, Paul Reiser",2014,107,8.5,477276,13.09,88.0
99,100,The Departed,"Crime,Drama,Thriller",An undercover cop and a mole in the police attempt to identify each other while infiltrating an Irish gang in South Boston.,Martin Scorsese,"Leonardo DiCaprio, Matt Damon, Jack Nicholson, Mark Wahlberg",2006,151,8.5,937414,132.37,85.0
124,125,The Dark Knight Rises,"Action,Thriller","Eight years after the Joker's reign of anarchy, the Dark Knight, with the help of the enigmatic Selina, is forced from his imposed exile to save Gotham City, now on the edge of total annihilation, from the brutal guerrilla terrorist Bane.",Christopher Nolan,"Christian Bale, Tom Hardy, Anne Hathaway,Gary Oldman",2012,164,8.5,1222645,448.13,78.0
476,477,The Lives of Others,"Drama,Thriller","In 1984 East Berlin, an agent of the secret police, conducting surveillance on a writer and his lover, finds himself becoming increasingly absorbed by their lives.",Florian Henckel von Donnersmarck,"Ulrich MÃ¼he, Martina Gedeck,Sebastian Koch, Ulrich Tukur",2006,137,8.5,278103,11.28,89.0
991,992,Taare Zameen Par,"Drama,Family,Music","An eight-year-old boy is thought to be a lazy trouble-maker, until the new art teacher has the patience and compassion to discover the real problem behind his struggles in school.",Aamir Khan,"Darsheel Safary, Aamir Khan, Tanay Chheda, Sachet Engineer",2007,165,8.5,102697,1.2,42.0
64,65,The Prestige,"Drama,Mystery,Sci-Fi",Two stage magicians engage in competitive one-upmanship in an attempt to create the ultimate stage illusion.,Christopher Nolan,"Christian Bale, Hugh Jackman, Scarlett Johansson, Michael Caine",2006,130,8.5,913152,53.08,66.0
430,431,3 Idiots,"Comedy,Drama","Two friends are searching for their long lost companion. They revisit their college days and recall the memories of their friend who inspired them to think differently, even as the rest of the world called them ""idiots"".",Rajkumar Hirani,"Aamir Khan, Madhavan, Mona Singh, Sharman Joshi",2009,170,8.4,238789,6.52,67.0
144,145,Django Unchained,"Drama,Western","With the help of a German bounty hunter , a freed slave sets out to rescue his wife from a brutal Mississippi plantation owner.",Quentin Tarantino,"Jamie Foxx, Christoph Waltz, Leonardo DiCaprio,Kerry Washington",2012,165,8.4,1039115,162.8,81.0
861,862,Koe no katachi,"Animation,Drama,Romance","The story revolves around Nishimiya Shoko, a grade school student who has impaired hearing. She transfers into a new school, where she is bullied by her classmates, especially Ishida Shouya... See full summary Â»",Naoko Yamada,"Miyu Irino, Saori Hayami, Aoi Yuki, KenshÃ´ Ono",2016,129,8.4,2421,84.56455847255368,80.0
455,456,Jagten,Drama,"A teacher lives a lonely life, all the while struggling over his son's custody. His life slowly gets better as he finds love and receives good news from his son, but his new luck is about to be brutally shattered by an innocent little lie.",Thomas Vinterberg,"Mads Mikkelsen, Thomas Bo Larsen, Annika Wedderkopp, Lasse FogelstrÃ¸m",2012,115,8.3,192263,0.61,76.0
6,7,La La Land,"Comedy,Drama,Music",A jazz pianist falls for an aspiring actress in Los Angeles.,Damien Chazelle,"Ryan Gosling, Emma Stone, Rosemarie DeWitt, J.K. Simmons",2016,128,8.3,258682,151.06,93.0
77,78,Inglourious Basterds,"Adventure,Drama,War","In Nazi-occupied France during World War II, a plan to assassinate Nazi leaders by a group of Jewish U.S. soldiers coincides with a theatre owner's vengeful plans for the same.",Quentin Tarantino,"Brad Pitt, Diane Kruger, Eli Roth,MÃ©lanie Laurent",2009,153,8.3,959065,120.52,69.0
688,689,Toy Story 3,"Animation,Adventure,Comedy","The toys are mistakenly delivered to a day-care center instead of the attic right before Andy leaves for college, and it's up to Woody to convince the other toys that they weren't abandoned and to return home.",Lee Unkrich,"Tom Hanks, Tim Allen, Joan Cusack, Ned Beatty",2010,103,8.3,586669,414.98,92.0
478,479,Paint It Black,Drama,A young woman attempts to deal with the death of her boyfriend while continuously confronted by his mentally unstable mother.,Amber Tamblyn,"Alia Shawkat, Nancy Kwan, Annabelle Attanasio,Alfred Molina",2016,96,8.3,61,84.56455847255368,71.0
499,500,Up,"Animation,Adventure,Comedy","Seventy-eight year old Carl Fredricksen travels to Paradise Falls in his home equipped with balloons, inadvertently taking a young stowaway.",Pete Docter,"Edward Asner, Jordan Nagai, John Ratzenberger, Christopher Plummer",2009,96,8.3,722203,292.98,88.0
230,231,Pan's Labyrinth,"Drama,Fantasy,War","In the falangist Spain of 1944, the bookish young stepdaughter of a sadistic army officer escapes into an eerie but captivating fantasy world.",Guillermo del Toro,"Ivana Baquero, Ariadna Gil, Sergi LÃ³pez,Maribel VerdÃº",2006,118,8.2,498879,37.62,98.0
143,144,Room,Drama,A young boy is raised within the confines of a small shed.,Lenny Abrahamson,"Brie Larson, Jacob Tremblay, Sean Bridgers,Wendy Crewson",2015,118,8.2,224132,14.68,86.0
194,195,Warrior,"Action,Drama,Sport","The youngest son of an alcoholic former boxer returns home, where he's trained by his father for competition in a mixed martial arts tournament - a path that puts the fighter on a collision course with his estranged, older brother.",Gavin O'Connor,"Tom Hardy, Nick Nolte, Joel Edgerton, Jennifer Morrison",2011,140,8.2,355722,13.65,71.0
742,743,El secreto de sus ojos,"Drama,Mystery,Romance",A retired legal counselor writes a novel hoping to find closure for one of his past unresolved homicide cases and for his unreciprocated love with his superior - both of which still haunt him decades later.,Juan JosÃ© Campanella,"Ricardo DarÃ­n, Soledad Villamil, Pablo Rago,Carla Quevedo",2009,129,8.2,144524,20.17,80.0
241,242,Inside Out,"Animation,Adventure,Comedy","After young Riley is uprooted from her Midwest life and moved to San Francisco, her emotions - Joy, Fear, Anger, Disgust and Sadness - conflict on how best to navigate a new city, house, and school.",Pete Docter,"Amy Poehler, Bill Hader, Lewis Black, Mindy Kaling",2015,95,8.2,416689,356.45,94.0
765,766,PK,"Comedy,Drama,Romance","A stranger in the city asks questions no one has asked before. His childlike curiosity will take him on a journey of love, laughter, and letting go.",Rajkumar Hirani,"Aamir Khan, Anushka Sharma, Sanjay Dutt,Boman Irani",2014,153,8.2,103279,10.57,51.0
713,714,Incendies,"Drama,Mystery,War","Twins journey to the Middle East to discover their family history, and fulfill their mother's last wishes.",Denis Villeneuve,"Lubna Azabal, MÃ©lissa DÃ©sormeaux-Poulin, Maxim Gaudette, Mustafa Kamel",2010,131,8.2,92863,6.86,80.0
16,17,Hacksaw Ridge,"Biography,Drama,History","WWII American Army Medic Desmond T. Doss, who served during the Battle of Okinawa, refuses to kill people, and becomes the first man in American history to receive the Medal of Honor without firing a shot.",Mel Gibson,"Andrew Garfield, Sam Worthington, Luke Bracey,Teresa Palmer",2016,139,8.2,211760,67.12,71.0
82,83,The Wolf of Wall Street,"Biography,Comedy,Crime","Based on the true story of Jordan Belfort, from his rise to a wealthy stock-broker living the high life to his fall involving crime, corruption and the federal government.",Martin Scorsese,"Leonardo DiCaprio, Jonah Hill, Margot Robbie,Matthew McConaughey",2013,180,8.2,865134,116.87,75.0
90,91,Prisoners,"Crime,Drama,Mystery","When Keller Dover's daughter and her friend go missing, he takes matters into his own hands as the police pursue multiple leads and the pressure mounts.",Denis Villeneuve,"Hugh Jackman, Jake Gyllenhaal, Viola Davis,Melissa Leo",2013,153,8.1,431185,60.96,74.0
83,84,Gone Girl,"Crime,Drama,Mystery","With his wife's disappearance having become the focus of an intense media circus, a man sees the spotlight turned on him when it's suspected that he may not be innocent.",David Fincher,"Ben Affleck, Rosamund Pike, Neil Patrick Harris,Tyler Perry",2014,149,8.1,636243,167.74,79.0
92,93,The Help,Drama,"An aspiring author during the civil rights movement of the 1960s decides to write a book detailing the African American maids' point of view on the white families for which they work, and the hardships they go through on a daily basis.",Tate Taylor,"Emma Stone, Viola Davis, Octavia Spencer, Bryce Dallas Howard",2011,146,8.1,342429,169.71,62.0
114,115,Harry Potter and the Deathly Hallows: Part 2,"Adventure,Drama,Fantasy","Harry, Ron and Hermione search for Voldemort's remaining Horcruxes in their effort to destroy the Dark Lord as the final battle rages on at Hogwarts.",David Yates,"Daniel Radcliffe, Emma Watson, Rupert Grint, Michael Gambon",2011,130,8.1,590595,380.96,87.0
76,77,The Avengers,"Action,Sci-Fi",Earth's mightiest heroes must come together and learn to fight as a team if they are to stop the mischievous Loki and his alien army from enslaving humanity.,Joss Whedon,"Robert Downey Jr., Chris Evans, Scarlett Johansson,Jeremy Renner",2012,143,8.1,1045588,623.28,69.0
111,112,12 Years a Slave,"Biography,Drama,History","In the antebellum United States, Solomon Northup, a free black man from upstate New York, is abducted and sold into slavery.",Steve McQueen,"Chiwetel Ejiofor, Michael Kenneth Williams, Michael Fassbender, Brad Pitt",2013,134,8.1,486338,56.67,96.0
74,75,Zootopia,"Animation,Adventure,Comedy","In a city of anthropomorphic animals, a rookie bunny cop and a cynical con artist fox must work together to uncover a conspiracy.",Byron Howard,"Ginnifer Goodwin, Jason Bateman, Idris Elba, Jenny Slate",2016,108,8.1,296853,341.26,78.0
0,1,Guardians of the Galaxy,"Action,Adventure,Sci-Fi",A group of intergalactic criminals are forced to work together to stop a fanatical warrior from taking control of the universe.,James Gunn,"Chris Pratt, Vin Diesel, Bradley Cooper, Zoe Saldana",2014,121,8.1,757074,333.13,76.0
197,198,Into the Wild,"Adventure,Biography,Drama","After graduating from Emory University, top student and athlete Christopher McCandless abandons his possessions, gives his entire $24,000 savings account to charity and hitchhikes to Alaska to live in the wilderness. Along the way, Christopher encounters a series of characters that shape his life.",Sean Penn,"Emile Hirsch, Vince Vaughn, Catherine Keener, Marcia Gay Harden",2007,148,8.1,459304,18.35,73.0
136,137,No Country for Old Men,"Crime,Drama,Thriller",Violence and mayhem ensue after a hunter stumbles upon a drug deal gone wrong and more than two million dollars in cash near the Rio Grande.,Ethan Coen,"Tommy Lee Jones, Javier Bardem, Josh Brolin, Woody Harrelson",2007,122,8.1,660286,74.27,91.0
138,139,Shutter Island,"Mystery,Thriller","In 1954, a U.S. marshal investigates the disappearance of a murderess who escaped from a hospital for the criminally insane.",Martin Scorsese,"Leonardo DiCaprio, Emily Mortimer, Mark Ruffalo,Ben Kingsley",2010,138,8.1,855604,127.97,63.0
145,146,Ah-ga-ssi,"Drama,Mystery,Romance","A woman is hired as a handmaiden to a Japanese heiress, but secretly she is involved in a plot to defraud her.",Chan-wook Park,"Min-hee Kim, Jung-woo Ha, Jin-woong Jo, So-ri Moon",2016,144,8.1,33418,2.01,84.0
192,193,Spotlight,"Crime,Drama,History","The true story of how the Boston Globe uncovered the massive scandal of child molestation and cover-up within the local Catholic Archdiocese, shaking the entire Catholic Church to its core.",Tom McCarthy,"Mark Ruffalo, Michael Keaton, Rachel McAdams, Liev Schreiber",2015,128,8.1,268282,44.99,93.0
198,199,The Imitation Game,"Biography,Drama,Thriller","During World War II, mathematician Alan Turing tries to crack the enigma code with help from fellow mathematicians.",Morten Tyldum,"Benedict Cumberbatch, Keira Knightley, Matthew Goode, Allen Leech",2014,114,8.1,532353,91.12,73.0
238,239,The Grand Budapest Hotel,"Adventure,Comedy,Drama","The adventures of Gustave H, a legendary concierge at a famous hotel from the fictional Republic of Zubrowka between the first and second World Wars, and Zero Moustafa, the lobby boy who becomes his most trusted friend.",Wes Anderson,"Ralph Fiennes, F. Murray Abraham, Mathieu Amalric,Adrien Brody",2014,99,8.1,530881,59.07,88.0
299,300,There Will Be Blood,"Drama,History","A story of family, religion, hatred, oil and madness, focusing on a turn-of-the-century prospector in the early days of the business.",Paul Thomas Anderson,"Daniel Day-Lewis, Paul Dano, CiarÃ¡n Hinds,Martin Stringer",2007,158,8.1,400682,40.22,92.0
695,696,Hachi: A Dog's Tale,"Drama,Family",A college professor's bond with the abandoned dog he takes into his home.,Lasse HallstrÃ¶m,"Richard Gere, Joan Allen, Cary-Hiroyuki Tagawa,Sarah Roemer",2009,93,8.1,177602,84.56455847255368,61.0
334,335,Rush,"Action,Biography,Drama",The merciless 1970s rivalry between Formula One rivals James Hunt and Niki Lauda.,Ron Howard,"Daniel BrÃ¼hl, Chris Hemsworth, Olivia Wilde,Alexandra Maria Lara",2013,123,8.1,339722,26.9,75.0
641,642,Relatos salvajes,"Comedy,Drama,Thriller",Six short stories that explore the extremities of human behavior involving people in distress.,DamiÃ¡n Szifron,"DarÃ­o Grandinetti, MarÃ­a Marull, MÃ³nica Villa, Rita Cortese",2014,122,8.1,110100,3.08,77.0
608,609,Mommy,Drama,"A widowed single mother, raising her violent son alone, finds new hope when a mysterious neighbor inserts herself into their household.",Xavier Dolan,"Anne Dorval, Antoine-Olivier Pilon, Suzanne ClÃ©ment,Patrick Huard",2014,139,8.1,33560,3.49,74.0
427,428,The Bourne Ultimatum,"Action,Mystery,Thriller",Jason Bourne dodges a ruthless CIA official and his agents from a new assassination program while searching for the origins of his life as a trained killer.,Paul Greengrass,"Matt Damon, Edgar RamÃ­rez, Joan Allen, Julia Stiles",2007,115,8.1,525700,227.14,85.0
67,68,Mad Max: Fury Road,"Action,Adventure,Sci-Fi","A woman rebels against a tyrannical ruler in postapocalyptic Australia in search for her home-land with the help of a group of female prisoners, a psychotic worshipper, and a drifter named Max.",George Miller,"Tom Hardy, Charlize Theron, Nicholas Hoult, ZoÃ« Kravitz",2015,120,8.1,632842,153.63,90.0
772,773,How to Train Your Dragon,"Animation,Action,Adventure","A hapless young Viking who aspires to hunt dragons becomes the unlikely friend of a young dragon himself, and learns there may be more to the creatures than he assumed.",Dean DeBlois,"Jay Baruchel, Gerard Butler,Christopher Mintz-Plasse, Craig Ferguson",2010,98,8.1,523893,217.39,74.0
18,19,Lion,"Biography,Drama","A five-year-old Indian boy gets lost on the streets of Calcutta, thousands of kilometers from home. He survives many challenges before being adopted by a couple in Australia. 25 years later, he sets out to find his lost family.",Garth Davis,"Dev Patel, Nicole Kidman, Rooney Mara, Sunny Pawar",2016,118,8.1,102061,51.69,69.0
50,51,Star Wars: Episode VII - The Force Awakens,"Action,Adventure,Fantasy","Three decades after the defeat of the Galactic Empire, a new threat arises. The First Order attempts to rule the galaxy and only a ragtag group of heroes can stop them, along with the help of the Resistance.",J.J. Abrams,"Daisy Ridley, John Boyega, Oscar Isaac, Domhnall Gleeson",2015,136,8.1,661608,936.63,81.0
164,165,Casino Royale,"Action,Adventure,Thriller","Armed with a licence to kill, Secret Agent James Bond sets out on his first mission as 007 and must defeat a weapons dealer in a high stakes game of poker at Casino Royale, but things are not what they seem.",Martin Campbell,"Daniel Craig, Eva Green, Judi Dench, Jeffrey Wright",2006,144,8.0,495106,167.01,80.0
640,641,The Pursuit of Happyness,"Biography,Drama",A struggling salesman takes custody of his son as he's poised to begin a life-changing professional career.,Gabriele Muccino,"Will Smith, Thandie Newton, Jaden Smith, Brian Howe",2006,117,8.0,361105,162.59,64.0
273,274,Sing Street,"Comedy,Drama,Music",A boy growing up in Dublin during the 1980s escapes his strained family life by starting a band to impress the mysterious girl he likes.,John Carney,"Ferdia Walsh-Peelo, Aidan Gillen, Maria Doyle Kennedy, Jack Reynor",2016,106,8.0,52144,3.23,79.0
669,670,Blood Diamond,"Adventure,Drama,Thriller","A fisherman, a smuggler, and a syndicate of businessmen match wits over the possession of a priceless diamond.",Edward Zwick,"Leonardo DiCaprio, Djimon Hounsou, Jennifer Connelly, Kagiso Kuypers",2006,143,8.0,422014,57.37,64.0
184,185,Forushande,"Drama,Thriller","While both participating in a production of ""Death of a Salesman,"" a teacher's wife is assaulted in her new home, which leaves him determined to find the perpetrator over his wife's traumatized objections.",Asghar Farhadi,"Taraneh Alidoosti, Shahab Hosseini, Babak Karimi,Farid Sajjadi Hosseini",2016,124,8.0,22389,3.4,85.0
261,262,Black Swan,"Drama,Thriller","A committed dancer wins the lead role in a production of Tchaikovsky's ""Swan Lake"" only to find herself struggling to maintain her sanity.",Darren Aronofsky,"Natalie Portman, Mila Kunis, Vincent Cassel,Winona Ryder",2010,108,8.0,581518,106.95,79.0
173,174,Her,"Drama,Romance,Sci-Fi",A lonely writer develops an unlikely relationship with an operating system designed to meet his every need.,Spike Jonze,"Joaquin Phoenix, Amy Adams, Scarlett Johansson,Rooney Mara",2013,126,8.0,390531,25.56,90.0
365,366,Slumdog Millionaire,Drama,"A Mumbai teen reflects on his upbringing in the slums when he is accused of cheating on the Indian Version of ""Who Wants to be a Millionaire?""",Danny Boyle,"Dev Patel, Freida Pinto, Saurabh Shukla, Anil Kapoor",2008,120,8.0,677044,141.32,86.0
489,490,Ratatouille,"Animation,Comedy,Family",A rat who can cook makes an unusual alliance with a young kitchen worker at a famous restaurant.,Brad Bird,"Brad Garrett, Lou Romano, Patton Oswalt,Ian Holm",2007,111,8.0,504039,206.44,96.0
332,333,Dallas Buyers Club,"Biography,Drama","In 1985 Dallas, electrician and hustler Ron Woodroof works around the system to help AIDS patients get the medication they need after he is diagnosed with the disease.",Jean-Marc VallÃ©e,"Matthew McConaughey, Jennifer Garner, Jared Leto, Steve Zahn",2013,117,8.0,352801,27.3,84.0
102,103,The Martian,"Adventure,Drama,Sci-Fi","An astronaut becomes stranded on Mars after his team assume him dead, and must rely on his ingenuity to find a way to signal to Earth that he is alive.",Ridley Scott,"Matt Damon, Jessica Chastain, Kristen Wiig, Kate Mara",2015,144,8.0,556097,228.43,80.0
162,163,X-Men: Days of Future Past,"Action,Adventure,Sci-Fi",The X-Men send Wolverine to the past in a desperate effort to change history and prevent an event that results in doom for both humans and mutants.,Bryan Singer,"Patrick Stewart, Ian McKellen, Hugh Jackman, James McAvoy",2014,132,8.0,552298,233.91,74.0
235,236,The Perks of Being a Wallflower,"Drama,Romance",An introvert freshman is taken under the wings of two seniors who welcome him to the real world.,Stephen Chbosky,"Logan Lerman, Emma Watson, Ezra Miller, Paul Rudd",2012,102,8.0,377336,17.74,67.0
685,686,The King's Speech,"Biography,Drama","The story of King George VI of the United Kingdom of Great Britain and Northern Ireland, his impromptu ascension to the throne and the speech therapist who helped the unsure monarch become worthy of it.",Tom Hooper,"Colin Firth, Geoffrey Rush, Helena Bonham Carter,Derek Jacobi",2010,118,8.0,534388,138.8,88.0
33,34,Deadpool,"Action,Adventure,Comedy",A fast-talking mercenary with a morbid sense of humor is subjected to a rogue experiment that leaves him with accelerated healing powers and a quest for revenge.,Tim Miller,"Ryan Reynolds, Morena Baccarin, T.J. Miller, Ed Skrein",2016,108,8.0,627797,363.02,65.0
140,141,Star Trek,"Action,Adventure,Sci-Fi",The brash James T. Kirk tries to live up to his father's legacy with Mr. Spock keeping him in check as a vengeful Romulan from the future creates black holes to destroy the Federation one planet at a time.,J.J. Abrams,"Chris Pine, Zachary Quinto, Simon Pegg, Leonard Nimoy",2009,127,8.0,526324,257.7,82.0
468,469,District 9,"Action,Sci-Fi,Thriller",An extraterrestrial race forced to live in slum-like conditions on Earth suddenly finds a kindred spirit in a government agent who is exposed to their biotechnology.,Neill Blomkamp,"Sharlto Copley, David James, Jason Cope, Nathalie Boltt",2009,112,8.0,556794,115.65,81.0
129,130,The Revenant,"Adventure,Drama,Thriller",A frontiersman on a fur trading expedition in the 1820s fights for survival after being mauled by a bear and left for dead by members of his own hunting team.,Alejandro GonzÃ¡lez IÃ±Ã¡rritu,"Leonardo DiCaprio, Tom Hardy, Will Poulter, Domhnall Gleeson",2015,156,8.0,499424,183.64,76.0
19,20,Arrival,"Drama,Mystery,Sci-Fi","When twelve mysterious spacecraft appear around the world, linguistics professor Louise Banks is tasked with interpreting the language of the apparent alien visitors.",Denis Villeneuve,"Amy Adams, Jeremy Renner, Forest Whitaker,Michael Stuhlbarg",2016,116,8.0,340798,100.5,81.0
171,172,Kubo and the Two Strings,"Animation,Adventure,Family",A young boy named Kubo must locate a magical suit of armour worn by his late father in order to defeat a vengeful spirit from the past.,Travis Knight,"Charlize Theron, Art Parkinson, Matthew McConaughey, Ralph Fiennes",2016,101,7.9,72778,48.02,84.0
504,505,Mr. Nobody,"Drama,Fantasy,Romance","A boy stands on a station platform as a train is about to leave. Should he go with his mother or stay with his father? Infinite possibilities arise from this decision. As long as he doesn't choose, anything is possible.",Jaco Van Dormael,"Jared Leto, Sarah Polley, Diane Kruger, Linh Dan Pham",2009,141,7.9,166872,84.56455847255368,63.0
170,171,Nightcrawler,"Crime,Drama,Thriller","When Louis Bloom, a con man desperate for work, muscles into the world of L.A. crime journalism, he blurs the line between observer and participant to become the star of his own story.",Dan Gilroy,"Jake Gyllenhaal, Rene Russo, Bill Paxton, Riz Ahmed",2014,118,7.9,332476,32.28,76.0
12,13,Rogue One,"Action,Adventure,Sci-Fi","The Rebel Alliance makes a risky move to steal the plans for the Death Star, setting up the epic saga to follow.",Gareth Edwards,"Felicity Jones, Diego Luna, Alan Tudyk, Donnie Yen",2016,133,7.9,323118,532.17,65.0
200,201,Edge of Tomorrow,"Action,Adventure,Sci-Fi","A soldier fighting aliens gets to relive the same day over and over again, the day restarting every time he dies.",Doug Liman,"Tom Cruise, Emily Blunt, Bill Paxton, Brendan Gleeson",2014,113,7.9,471815,100.19,71.0
518,519,The Hobbit: The Desolation of Smaug,"Adventure,Fantasy","The dwarves, along with Bilbo Baggins and Gandalf the Grey, continue their quest to reclaim Erebor, their homeland, from Smaug. Bilbo Baggins is in possession of a mysterious and magical ring.",Peter Jackson,"Ian McKellen, Martin Freeman, Richard Armitage,Ken Stott",2013,161,7.9,513744,258.36,66.0
203,204,Iron Man,"Action,Adventure,Sci-Fi","After being held captive in an Afghan cave, billionaire engineer Tony Stark creates a unique weaponized suit of armor to fight evil.",Jon Favreau,"Robert Downey Jr., Gwyneth Paltrow, Terrence Howard, Jeff Bridges",2008,126,7.9,737719,318.3,79.0
549,550,"I, Daniel Blake",Drama,"After having suffered a heart-attack, a 59-year-old carpenter must fight the bureaucratic forces of the system in order to receive Employment and Support Allowance.",Ken Loach,"Dave Johns, Hayley Squires, Sharon Percy, Briana Shann",2016,100,7.9,22941,84.56455847255368,77.0
656,657,Boyhood,Drama,"The life of Mason, from early childhood to his arrival at college.",Richard Linklater,"Ellar Coltrane, Patricia Arquette, Ethan Hawke,Elijah Smith",2014,165,7.9,286722,25.36,100.0
35,36,Captain America: Civil War,"Action,Adventure,Sci-Fi",Political interference in the Avengers' activities causes a rift between former allies Captain America and Iron Man.,Anthony Russo,"Chris Evans, Robert Downey Jr.,Scarlett Johansson, Sebastian Stan",2016,147,7.9,411656,408.08,75.0
694,695,Life of Pi,"Adventure,Drama,Fantasy","A young man who survives a disaster at sea is hurtled into an epic journey of adventure and discovery. While cast away, he forms an unexpected connection with another survivor: a fearsome Bengal tiger.",Ang Lee,"Suraj Sharma, Irrfan Khan, Adil Hussain, Tabu",2012,127,7.9,471109,124.98,79.0
897,898,The Fall,"Adventure,Comedy,Drama","In a hospital on the outskirts of 1920s Los Angeles, an injured stuntman begins to tell a fellow patient, a little girl with a broken arm, a fantastic story of five mythical heroes. Thanks to his fractured state of mind and her vivid imagination, the line between fiction and reality blurs as the tale advances.",Tarsem Singh,"Lee Pace, Catinca Untaru, Justine Waddell, Kim Uylenbroek",2006,117,7.9,93036,2.28,64.0
159,160,Hot Fuzz,"Action,Comedy,Mystery","Exceptional London cop Nicholas Angel is involuntarily transferred to a quaint English village and paired with a witless new partner. While on the beat, Nicholas suspects a sinister conspiracy is afoot with the residents.",Edgar Wright,"Simon Pegg, Nick Frost, Martin Freeman, Bill Nighy",2007,121,7.9,373244,23.62,81.0
271,272,The Hobbit: An Unexpected Journey,"Adventure,Fantasy","A reluctant hobbit, Bilbo Baggins, sets out to the Lonely Mountain with a spirited group of dwarves to reclaim their mountain home - and the gold within it - from the dragon Smaug.",Peter Jackson,"Martin Freeman, Ian McKellen, Richard Armitage,Andy Serkis",2012,169,7.9,668651,303.0,58.0
752,753,In Bruges,"Comedy,Crime,Drama","Guilt-stricken after a job gone wrong, hitman Ray and his partner await orders from their ruthless boss in Bruges, Belgium, the last place in the world Ray wants to be.",Martin McDonagh,"Colin Farrell, Brendan Gleeson, CiarÃ¡n Hinds,Elizabeth Berrington",2008,107,7.9,322536,7.76,67.0
903,904,How to Train Your Dragon 2,"Animation,Action,Adventure","When Hiccup and Toothless discover an ice cave that is home to hundreds of new wild dragons and the mysterious Dragon Rider, the two friends find themselves at the center of a battle to protect the peace.",Dean DeBlois,"Jay Baruchel, Cate Blanchett, Gerard Butler, Craig Ferguson",2014,102,7.9,237565,177.0,76.0
21,22,Manchester by the Sea,Drama,A depressed uncle is asked to take care of his teenage nephew after the boy's father dies.,Kenneth Lonergan,"Casey Affleck, Michelle Williams, Kyle Chandler,Lucas Hedges",2016,137,7.9,134213,47.7,96.0
246,247,Children of Men,"Drama,Sci-Fi,Thriller","In 2027, in a chaotic world in which women have become somehow infertile, a former activist agrees to help transport a miraculously pregnant woman to a sanctuary at sea.",Alfonso CuarÃ³n,"Julianne Moore, Clive Owen, Chiwetel Ejiofor,Michael Caine",2006,109,7.9,382910,35.29,84.0
598,599,Moon,"Drama,Mystery,Sci-Fi","Astronaut Sam Bell has a quintessentially personal encounter toward the end of his three-year stint on the Moon, where he, working alongside his computer, GERTY, sends back to Earth parcels of a resource that has helped diminish our planet's power problems.",Duncan Jones,"Sam Rockwell, Kevin Spacey, Dominique McElligott,Rosie Shaw",2009,97,7.9,277123,5.01,67.0
81,82,Captain Fantastic,"Comedy,Drama","In the forests of the Pacific Northwest, a father devoted to raising his six kids with a rigorous physical and intellectual education is forced to leave his paradise and enter the world, challenging his idea of what it means to be a parent.",Matt Ross,"Viggo Mortensen, George MacKay, Samantha Isler,Annalise Basso",2016,118,7.9,105081,5.88,72.0
252,253,Straight Outta Compton,"Biography,Drama,History","The group NWA emerges from the mean streets of Compton in Los Angeles, California, in the mid-1980s and revolutionizes Hip Hop culture with their music and tales about life in the hood.",F. Gary Gray,"O'Shea Jackson Jr., Corey Hawkins, Jason Mitchell,Neil Brown Jr.",2015,147,7.9,139831,161.03,72.0
447,448,Hunt for the Wilderpeople,"Adventure,Comedy,Drama",A national manhunt is ordered for a rebellious kid and his foster uncle who go missing in the wild New Zealand bush.,Taika Waititi,"Sam Neill, Julian Dennison, Rima Te Wiata, Rachel House",2016,101,7.9,52331,5.2,81.0
311,312,La vie d'AdÃ¨le,"Drama,Romance","AdÃ¨le's life is changed when she meets Emma, a young woman with blue hair, who will allow her to discover desire and to assert herself as a woman and as an adult. In front of others, AdÃ¨le grows, seeks herself, loses herself, and ultimately finds herself through love and loss.",Abdellatif Kechiche,"LÃ©a Seydoux, AdÃ¨le Exarchopoulos, Salim Kechiouche, AurÃ©lien Recoing",2013,180,7.8,103150,2.2,88.0
950,951,Me and Earl and the Dying Girl,"Comedy,Drama","High schooler Greg, who spends most of his time making parodies of classic movies with his co-worker Earl, finds his outlook forever altered after befriending a classmate who has just been diagnosed with cancer.",Alfonso Gomez-Rejon,"Thomas Mann, RJ Cyler, Olivia Cooke, Nick Offerman",2015,105,7.8,92076,6.74,74.0
336,337,Silver Linings Playbook,"Comedy,Drama,Romance","After a stint in a mental institution, former teacher Pat Solitano moves back in with his parents and tries to reconcile with his ex-wife. Things get more challenging when Pat meets Tiffany, a mysterious girl with problems of her own.",David O. Russell,"Bradley Cooper, Jennifer Lawrence, Robert De Niro, Jacki Weaver",2012,122,7.8,564364,132.09,81.0
260,261,Birdman or (The Unexpected Virtue of Ignorance),"Comedy,Drama,Romance","Illustrated upon the progress of his latest Broadway play, a former popular actor's struggle to cope with his current life as a wasted actor is shown.",Alejandro GonzÃ¡lez IÃ±Ã¡rritu,"Michael Keaton, Zach Galifianakis,Edward Norton, Andrea Riseborough",2014,119,7.8,440299,42.34,88.0
223,224,The Girl with the Dragon Tattoo,"Crime,Drama,Mystery","Journalist Mikael Blomkvist is aided in his search for a woman who has been missing for forty years by Lisbeth Salander, a young computer hacker.",David Fincher,"Daniel Craig, Rooney Mara, Christopher Plummer,Stellan SkarsgÃ¥rd",2011,158,7.8,348551,102.52,71.0
448,449,Big Hero 6,"Animation,Action,Adventure","The special bond that develops between plus-sized inflatable robot Baymax, and prodigy Hiro Hamada, who team up with a group of friends to form a band of high-tech heroes.",Don Hall,"Ryan Potter, Scott Adsit, Jamie Chung,T.J. Miller",2014,102,7.8,309186,222.49,74.0
255,256,The Hangover,Comedy,"Three buddies wake up from a bachelor party in Las Vegas, with no memory of the previous night and the bachelor missing. They make their way around the city in order to find their friend before his wedding.",Todd Phillips,"Zach Galifianakis, Bradley Cooper, Justin Bartha, Ed Helms",2009,100,7.8,611563,277.31,73.0
216,217,Captain America: The Winter Soldier,"Action,Adventure,Sci-Fi","As Steve Rogers struggles to embrace his role in the modern world, he teams up with a fellow Avenger and S.H.I.E.L.D agent, Black Widow, to battle a new threat from history: an assassin known as the Winter Soldier.",Anthony Russo,"Chris Evans, Samuel L. Jackson,Scarlett Johansson, Robert Redford",2014,136,7.8,542362,259.75,70.0
509,510,Gravity,"Drama,Sci-Fi,Thriller",Two astronauts work together to survive after an accident which leaves them alone in space.,Alfonso CuarÃ³n,"Sandra Bullock, George Clooney, Ed Harris, Orto Ignatiussen",2013,91,7.8,622089,274.08,96.0
563,564,Wreck-It Ralph,"Animation,Adventure,Comedy","A video game villain wants to be a hero and sets out to fulfill his dream, but his quest brings havoc to the whole arcade where he lives.",Rich Moore,"John C. Reilly, Jack McBrayer, Jane Lynch, Sarah Silverman",2012,101,7.8,290559,189.41,72.0
425,426,The Curious Case of Benjamin Button,"Drama,Fantasy,Romance","Tells the story of Benjamin Button, a man who starts aging backwards with bizarre consequences.",David Fincher,"Brad Pitt, Cate Blanchett, Tilda Swinton, Julia Ormond",2008,166,7.8,485075,127.49,70.0
793,794,Ma vie de Courgette,"Animation,Comedy,Drama","After losing his mother, a young boy is sent to a foster home with other orphans his age where he begins to learn the meaning of trust and true love.",Claude Barras,"Gaspard Schlatter, Sixtine Murat, Paulin Jaccoud,Michel Vuillermoz",2016,66,7.8,4370,0.29,85.0
232,233,Apocalypto,"Action,Adventure,Drama","As the Mayan kingdom faces its decline, the rulers insist the key to prosperity is to build more temples and offer human sacrifices. Jaguar Paw, a young man captured for sacrifice, flees to avoid his fate.",Mel Gibson,"Gerardo Taracena, Raoul Max Trujillo, Dalia HernÃ¡ndez,Rudy Youngblood",2006,139,7.8,247926,50.86,68.0
785,786,Captain Phillips,"Biography,Drama,Thriller","The true story of Captain Richard Phillips and the 2009 hijacking by Somali pirates of the U.S.-flagged MV Maersk Alabama, the first American cargo ship to be hijacked in two hundred years.",Paul Greengrass,"Tom Hanks, Barkhad Abdi, Barkhad Abdirahman,Catherine Keener",2013,134,7.8,346154,107.1,83.0
470,471,American Gangster,"Biography,Crime,Drama","In 1970s America, a detective works to bring down the drug empire of Frank Lucas, a heroin kingpin from Manhattan, who is smuggling the drug into the country from the Far East.",Ridley Scott,"Denzel Washington, Russell Crowe, Chiwetel Ejiofor,Josh Brolin",2007,157,7.8,337835,130.13,76.0
142,143,The Big Short,"Biography,Comedy,Drama","Four denizens in the world of high-finance predict the credit and housing bubble collapse of the mid-2000s, and decide to take on the big banks for their greed and lack of foresight.",Adam McKay,"Christian Bale, Steve Carell, Ryan Gosling, Brad Pitt",2015,130,7.8,246360,70.24,81.0
590,591,MÃ¤n som hatar kvinnor,"Drama,Mystery,Thriller",A journalist is aided in his search for a woman who has been missing -- or dead -- for forty years by a young female hacker.,Niels Arden Oplev,"Michael Nyqvist, Noomi Rapace, Ewa FrÃ¶ling,Lena Endre",2009,152,7.8,182074,10.1,76.0
510,511,The Boy in the Striped Pyjamas,"Drama,War","Set during WWII, a story seen through the innocent eyes of Bruno, the eight-year-old son of the commandant at a German concentration camp, whose forbidden friendship with a Jewish boy on the other side of the camp fence has startling and unexpected consequences.",Mark Herman,"Asa Butterfield, David Thewlis, Rupert Friend, Zac Mattoon O'Brien",2008,94,7.8,144614,9.03,55.0
384,385,The Lego Movie,"Animation,Action,Adventure","An ordinary Lego construction worker, thought to be the prophesied 'Special', is recruited to join a quest to stop an evil tyrant from gluing the Lego universe into eternal stasis.",Phil Lord,"Chris Pratt, Will Ferrell, Elizabeth Banks, Will Arnett",2014,100,7.8,266508,257.76,83.0
338,339,The Fault in Our Stars,"Drama,Romance",Two teenage cancer patients begin a life-affirming journey to visit a reclusive author in Amsterdam.,Josh Boone,"Shailene Woodley, Ansel Elgort, Nat Wolff, Laura Dern",2014,126,7.8,271301,124.87,69.0
847,848,La migliore offerta,"Crime,Drama,Mystery","In the world of high-end art auctions and antiques, Virgil Oldman is an elderly and esteemed but eccentric genius art-expert, known and appreciated by the world. Oldman is hired by a ... See full summary Â»",Giuseppe Tornatore,"Geoffrey Rush, Jim Sturgess, Sylvia Hoeks,Donald Sutherland",2013,131,7.8,77986,0.09,49.0
205,206,X: First Class,"Action,Adventure,Sci-Fi","In 1962, the United States government enlists the help of Mutants with superhuman abilities to stop a malicious dictator who is determined to start World War III.",Matthew Vaughn,"James McAvoy, Michael Fassbender, Jennifer Lawrence, Kevin Bacon",2011,132,7.8,550011,146.41,65.0
270,271,Skyfall,"Action,Adventure,Thriller","Bond's loyalty to M is tested when her past comes back to haunt her. Whilst MI6 comes under attack, 007 must track down and destroy the threat, no matter how personal the cost.",Sam Mendes,"Daniel Craig, Javier Bardem, Naomie Harris, Judi Dench",2012,143,7.8,547386,304.36,81.0
362,363,Star Trek Into Darkness,"Action,Adventure,Sci-Fi","After the crew of the Enterprise find an unstoppable force of terror from within their own organization, Captain Kirk leads a manhunt to a war-zone world to capture a one-man weapon of mass destruction.",J.J. Abrams,"Chris Pine, Zachary Quinto, Zoe Saldana, Benedict Cumberbatch",2013,132,7.8,417663,228.76,72.0
11,12,Hidden Figures,"Biography,Drama,History",The story of a team of female African-American mathematicians who served a vital role in NASA during the early years of the U.S. space program.,Theodore Melfi,"Taraji P. Henson, Octavia Spencer, Janelle MonÃ¡e,Kevin Costner",2016,127,7.8,93103,169.27,74.0
573,574,Little Miss Sunshine,"Comedy,Drama",A family determined to get their young daughter into the finals of a beauty pageant take a cross-country trip in their VW bus.,Jonathan Dayton,"Steve Carell, Toni Collette, Greg Kinnear, Abigail Breslin",2006,101,7.8,374044,59.89,80.0
359,360,About Time,"Comedy,Drama,Fantasy","At the age of 21, Tim discovers he can travel in time and change what happens and has happened in his own life. His decision to make his world a better place by getting a girlfriend turns out not to be as easy as you might think.",Richard Curtis,"Domhnall Gleeson, Rachel McAdams, Bill Nighy,Lydia Wilson",2013,123,7.8,221600,15.29,55.0
88,89,The Hateful Eight,"Crime,Drama,Mystery","In the dead of a Wyoming winter, a bounty hunter and his prisoner find shelter in a cabin currently inhabited by a collection of nefarious characters.",Quentin Tarantino,"Samuel L. Jackson, Kurt Russell, Jennifer Jason Leigh, Walton Goggins",2015,187,7.8,341170,54.12,68.0
87,88,Avatar,"Action,Adventure,Fantasy",A paraplegic marine dispatched to the moon Pandora on a unique mission becomes torn between following his orders and protecting the world he feels is his home.,James Cameron,"Sam Worthington, Zoe Saldana, Sigourney Weaver, Michelle Rodriguez",2009,162,7.8,935408,760.51,83.0
691,692,Dear Zindagi,"Drama,Romance","Kaira is a budding cinematographer in search of a perfect life. Her encounter with Jug, an unconventional thinker, helps her gain a new perspective on life. She discovers that happiness is all about finding comfort in life's imperfections.",Gauri Shinde,"Alia Bhatt, Shah Rukh Khan, Kunal Kapoor, Priyanka Moodley",2016,151,7.8,23540,1.4,56.0
814,815,Fantastic Mr. Fox,"Animation,Adventure,Comedy",An urbane fox cannot resist returning to his farm raiding ways and then must help his community survive the farmers' retaliation.,Wes Anderson,"George Clooney, Meryl Streep, Bill Murray, Jason Schwartzman",2009,87,7.8,149779,21.0,83.0
485,486,Moonrise Kingdom,"Adventure,Comedy,Drama","A pair of young lovers flee their New England town, which causes a local search party to fan out to find them.",Wes Anderson,"Jared Gilman, Kara Hayward, Bruce Willis, Bill Murray",2012,94,7.8,254446,45.51,84.0
410,411,Taken,"Action,Thriller","A retired CIA agent travels across Europe and relies on his old skills to save his estranged daughter, who has been kidnapped while on a trip to Paris.",Pierre Morel,"Liam Neeson, Maggie Grace, Famke Janssen, Leland Orser",2008,93,7.8,502961,145.0,50.0
407,408,Tangled,"Animation,Adventure,Comedy","The magically long-haired Rapunzel has spent her entire life in a tower, but now that a runaway thief has stumbled upon her, she is about to discover the world for the first time, and who she really is.",Nathan Greno,"Mandy Moore, Zachary Levi, Donna Murphy, Ron Perlman",2010,100,7.8,316459,200.81,71.0
959,960,Lucky Number Slevin,"Crime,Drama,Mystery",A case of mistaken identity lands Slevin into the middle of a war being plotted by two of the city's most rival crime bosses: The Rabbi and The Boss. Slevin is under constant surveillance by relentless Detective Brikowski as well as the infamous assassin Goodkat and finds himself having to hatch his own ingenious plot to get them before they get him.,Paul McGuigan,"Josh Hartnett, Ben Kingsley, Morgan Freeman, Lucy Liu",2006,110,7.8,271940,22.49,53.0
839,840,Maudie,"Biography,Drama,Romance",An arthritic Nova Scotia woman works as a housekeeper while she hones her skills as an artist and eventually becomes a beloved figure in the community.,Aisling Walsh,"Ethan Hawke, Sally Hawkins, Kari Matchett, Zachary Bennett",2016,115,7.8,346,84.56455847255368,60.0
188,189,Drive,"Crime,Drama",A mysterious Hollywood stuntman and mechanic moonlights as a getaway driver and finds himself in trouble when he helps out his neighbor.,Nicolas Winding Refn,"Ryan Gosling, Carey Mulligan, Bryan Cranston, Albert Brooks",2011,100,7.8,461509,35.05,78.0
759,760,The Fighter,"Action,Biography,Drama","A look at the early years of boxer ""Irish"" Micky Ward and his brother who helped train him before going pro in the mid 1980s.",David O. Russell,"Mark Wahlberg, Christian Bale, Amy Adams,Melissa Leo",2010,116,7.8,290056,93.57,79.0
859,860,Changeling,"Biography,Drama,Mystery","A grief-stricken mother takes on the LAPD to her own detriment when it stubbornly tries to pass off an obvious impostor as her missing child, while also refusing to give up hope that she will find him one day.",Clint Eastwood,"Angelina Jolie, Colm Feore, Amy Ryan, Gattlin Griffith",2008,141,7.8,206793,35.71,63.0
310,311,The Blind Side,"Biography,Drama,Sport","The story of Michael Oher, a homeless and traumatized boy who became an All American football player and first round NFL draft pick with the help of a caring woman and her family.",John Lee Hancock,"Quinton Aaron, Sandra Bullock, Tim McGraw,Jae Head",2009,129,7.7,237221,255.95,53.0
219,220,Kick-Ass,"Action,Comedy","Dave Lizewski is an unnoticed high school student and comic book fan who one day decides to become a superhero, even though he has no powers, training or meaningful reason to do so.",Matthew Vaughn,"Aaron Taylor-Johnson, Nicolas Cage, ChloÃ« Grace Moretz, Garrett M. Brown",2010,117,7.7,456749,48.04,66.0
277,278,Zodiac,"Crime,Drama,History","In the late 1960s/early 1970s, a San Francisco cartoonist becomes an amateur detective obsessed with tracking down the Zodiac Killer, an unidentified individual who terrorizes Northern California with a killing spree.",David Fincher,"Jake Gyllenhaal, Robert Downey Jr., Mark Ruffalo,Anthony Edwards",2007,157,7.7,329683,33.05,78.0
442,443,Coraline,"Animation,Family,Fantasy","An adventurous girl finds another world that is a strangely idealized version of her frustrating home, but it has sinister secrets.",Henry Selick,"Dakota Fanning, Teri Hatcher, John Hodgman, Jennifer Saunders",2009,100,7.7,156620,75.28,80.0
957,958,End of Watch,"Crime,Drama,Thriller","Shot documentary-style, this film follows the daily grind of two young police officers in LA who are partners and friends, and what happens when they meet criminal forces greater than themselves.",David Ayer,"Jake Gyllenhaal, Michael PeÃ±a, Anna Kendrick, America Ferrera",2012,109,7.7,192190,40.98,68.0
734,735,Mr. Church,"Comedy,Drama","""Mr. Church"" tells the story of a unique friendship that develops when a little girl and her dying mother retain the services of a talented cook - Henry Joseph Church. What begins as a six month arrangement instead spans into fifteen years and creates a family bond that lasts forever.",Bruce Beresford,"Eddie Murphy, Britt Robertson, Natascha McElhone, Xavier Samuel",2016,104,7.7,16163,0.69,37.0
13,14,Moana,"Animation,Adventure,Comedy","In Ancient Polynesia, when a terrible curse incurred by the Demigod Maui reaches an impetuous Chieftain's daughter's island, she answers the Ocean's call to seek out the Demigod to set things right.",Ron Clements,"Auli'i Cravalho, Dwayne Johnson, Rachel House, Temuera Morrison",2016,107,7.7,118151,248.75,81.0
363,364,Zombieland,"Adventure,Comedy,Horror","A shy student trying to reach his family in Ohio, a gun-toting tough guy trying to find the last Twinkie, and a pair of sisters trying to get to an amusement park join forces to travel across a zombie-filled America.",Ruben Fleischer,"Jesse Eisenberg, Emma Stone, Woody Harrelson,Abigail Breslin",2009,88,7.7,409403,75.59,73.0
483,484,Perfetti sconosciuti,"Comedy,Drama","Seven long-time friends get together for a dinner. When they decide to share with each other the content of every text message, email and phone call they receive, many secrets start to unveil and the equilibrium trembles.",Paolo Genovese,"Giuseppe Battiston, Anna Foglietta, Marco Giallini,Edoardo Leo",2016,97,7.7,17584,84.56455847255368,43.0
346,347,Stardust,"Adventure,Family,Fantasy","In a countryside town bordering on a magical land, a young man makes a promise to his beloved that he'll retrieve a fallen star by venturing into the magical realm.",Matthew Vaughn,"Charlie Cox, Claire Danes, Sienna Miller, Ian McKellen",2007,127,7.7,220664,38.35,66.0
662,663,Gone Baby Gone,"Crime,Drama,Mystery","Two Boston area detectives investigate a little girl's kidnapping, which ultimately turns into a crisis both professionally and personally.",Ben Affleck,"Morgan Freeman, Ed Harris, Casey Affleck, Michelle Monaghan",2007,114,7.7,206707,20.3,72.0
109,110,Ex Machina,"Drama,Mystery,Sci-Fi",A young programmer is selected to participate in a ground-breaking experiment in synthetic intelligence by evaluating the human qualities of a breath-taking humanoid A.I.,Alex Garland,"Alicia Vikander, Domhnall Gleeson, Oscar Isaac,Sonoya Mizuno",2014,108,7.7,339797,25.44,78.0
889,890,50/50,"Comedy,Drama,Romance","Inspired by a true story, a comedy centered on a 27-year-old guy who learns of his cancer diagnosis, and his subsequent struggle to beat the disease.",Jonathan Levine,"Joseph Gordon-Levitt, Seth Rogen, Anna Kendrick, Bryce Dallas Howard",2011,100,7.7,281625,34.96,72.0
349,350,Midnight in Paris,"Comedy,Fantasy,Romance","While on a trip to Paris with his fiancÃ©e's family, a nostalgic screenwriter finds himself mysteriously going back to the 1920s everyday at midnight.",Woody Allen,"Owen Wilson, Rachel McAdams, Kathy Bates, Kurt Fuller",2011,94,7.7,320323,56.82,81.0
418,419,Harry Potter and the Deathly Hallows: Part 1,"Adventure,Family,Fantasy","As Harry races against time and evil to destroy the Horcruxes, he uncovers the existence of three most powerful objects in the wizarding world: the Deathly Hallows.",David Yates,"Daniel Radcliffe, Emma Watson, Rupert Grint, Bill Nighy",2010,146,7.7,357213,294.98,65.0
105,106,Hell or High Water,"Crime,Drama,Thriller",A divorced father and his ex-con older brother resort to a desperate scheme in order to save their family's ranch in West Texas.,David Mackenzie,"Chris Pine, Ben Foster, Jeff Bridges, Gil Birmingham",2016,102,7.7,115546,26.86,88.0
474,475,Argo,"Biography,Drama,History","Acting under the cover of a Hollywood producer scouting a location for a science fiction film, a CIA agent launches a dangerous operation to rescue six Americans in Tehran during the U.S. hostage crisis in Iran in 1980.",Ben Affleck,"Ben Affleck, Bryan Cranston, John Goodman, Alan Arkin",2012,120,7.7,481274,136.02,86.0
658,659,Eastern Promises,"Crime,Drama,Mystery",A Russian teenager living in London who dies during childbirth leaves clues to a midwife in her journal that could tie her child to a rape involving a violent Russian mob family.,David Cronenberg,"Naomi Watts, Viggo Mortensen, Armin Mueller-Stahl, Josef Altin",2007,100,7.7,198006,17.11,82.0
870,871,En man som heter Ove,"Comedy,Drama","Ove, an ill-tempered, isolated retiree who spends his days enforcing block association rules and visiting his wife's grave, has finally given up on life just as an unlikely friendship develops with his boisterous new neighbors.",Hannes Holm,"Rolf LassgÃ¥rd, Bahar Pars, Filip Berg, Ida Engvoll",2015,116,7.7,21569,3.36,70.0
357,358,The Theory of Everything,"Biography,Drama,Romance",A look at the relationship between the famous physicist Stephen Hawking and his wife.,James Marsh,"Eddie Redmayne, Felicity Jones, Tom Prior, Sophie Perry",2014,123,7.7,299718,35.89,72.0
507,508,(500) Days of Summer,"Comedy,Drama,Romance","An offbeat romantic comedy about a woman who doesn't believe true love exists, and the young man who falls for her.",Marc Webb,"Zooey Deschanel, Joseph Gordon-Levitt, Geoffrey Arend, ChloÃ« Grace Moretz",2009,95,7.7,398972,32.39,76.0
113,114,300,"Action,Fantasy,War",King Leonidas of Sparta and a force of 300 men fight the Persians at Thermopylae in 480 B.C.,Zack Snyder,"Gerard Butler, Lena Headey, David Wenham, Dominic West",2006,117,7.7,637104,210.59,52.0
324,325,The Social Network,"Biography,Drama","Harvard student Mark Zuckerberg creates the social networking site that would become known as Facebook, but is later sued by two brothers who claimed he stole their idea, and the co-founder who was later squeezed out of the business.",David Fincher,"Jesse Eisenberg, Andrew Garfield, Justin Timberlake,Rooney Mara",2010,120,7.7,510100,96.92,95.0
684,685,Seven Pounds,"Drama,Romance",A man with a fateful secret embarks on an extraordinary journey of redemption by forever changing the lives of seven strangers.,Gabriele Muccino,"Will Smith, Rosario Dawson, Woody Harrelson,Michael Ealy",2008,123,7.7,245144,69.95,36.0
403,404,Despicable Me,"Animation,Adventure,Comedy","When a criminal mastermind uses a trio of orphan girls as pawns for a grand scheme, he finds their love is profoundly changing him for the better.",Pierre Coffin,"Steve Carell, Jason Segel, Russell Brand, Julie Andrews",2010,95,7.7,410607,251.5,72.0
65,66,Kingsman: The Secret Service,"Action,Adventure,Comedy","A spy organization recruits an unrefined, but promising street kid into the agency's ultra-competitive training program, just as a global threat emerges from a twisted tech genius.",Matthew Vaughn,"Colin Firth, Taron Egerton, Samuel L. Jackson,Michael Caine",2014,129,7.7,440209,128.25,58.0
578,579,The Hunger Games: Catching Fire,"Action,Adventure,Mystery",Katniss Everdeen and Peeta Mellark become targets of the Capitol after their victory in the 74th Hunger Games sparks a rebellion in the Districts of Panem.,Francis Lawrence,"Jennifer Lawrence, Josh Hutcherson, Liam Hemsworth, Philip Seymour Hoffman",2013,146,7.6,525646,424.65,76.0
611,612,Toni Erdmann,"Comedy,Drama",A practical joking father tries to reconnect with his hard working daughter by creating an outrageous alter ego and posing as her CEO's life coach.,Maren Ade,"Sandra HÃ¼ller, Peter Simonischek, Michael Wittenborn,Thomas Loibl",2016,162,7.6,24387,1.48,93.0
460,461,The Town,"Crime,Drama,Thriller","As he plans his next job, a longtime thief tries to balance his feelings for a bank manager connected to one of his earlier heists, as well as the FBI agent looking to bring him and his crew down.",Ben Affleck,"Ben Affleck, Rebecca Hall, Jon Hamm, Jeremy Renner",2010,125,7.6,294553,92.17,74.0
240,241,Fury,"Action,Drama,War","A grizzled tank commander makes tough decisions as he and his crew fight their way across Germany in April, 1945.",David Ayer,"Brad Pitt, Shia LaBeouf, Logan Lerman, Michael PeÃ±a",2014,134,7.6,332234,85.71,64.0
437,438,The imposible,"Drama,Thriller",The story of a tourist family in Thailand caught in the destruction and chaotic aftermath of the 2004 Indian Ocean tsunami.,J.A. Bayona,"Naomi Watts, Ewan McGregor, Tom Holland, Oaklee Pendergast",2012,114,7.6,156189,19.0,73.0
584,585,Moneyball,"Biography,Drama,Sport",Oakland A's general manager Billy Beane's successful attempt to assemble a baseball team on a lean budget by employing computer-generated analysis to acquire new players.,Bennett Miller,"Brad Pitt, Robin Wright, Jonah Hill, Philip Seymour Hoffman",2011,133,7.6,297395,75.61,87.0
817,818,127 Hours,"Adventure,Biography,Drama","An adventurous mountain climber becomes trapped under a boulder while canyoneering alone near Moab, Utah and resorts to desperate measures in order to survive.",Danny Boyle,"James Franco, Amber Tamblyn, Kate Mara, Sean Bott",2010,94,7.6,294010,18.33,82.0
743,744,True Grit,"Adventure,Drama,Western",A tough U.S. Marshal helps a stubborn teenager track down her father's murderer.,Ethan Coen,"Jeff Bridges, Matt Damon, Hailee Steinfeld,Josh Brolin",2010,110,7.6,254904,171.03,80.0
815,816,Inside Man,"Crime,Drama,Mystery","A police detective, a bank robber, and a high-power broker enter high-stakes negotiations after the criminal's brilliant heist spirals into a hostage situation.",Spike Lee,"Denzel Washington, Clive Owen, Jodie Foster,Christopher Plummer",2006,129,7.6,285441,88.5,76.0
257,258,Rise of the Planet of the Apes,"Action,Drama,Sci-Fi","A substance, designed to help the brain repair itself, gives rise to a super-intelligent chimp who leads an ape uprising.",Rupert Wyatt,"James Franco, Andy Serkis, Freida Pinto, Karin Konoval",2011,105,7.6,422290,176.74,68.0
383,384,Bridge of Spies,"Drama,History,Thriller","During the Cold War, an American lawyer is recruited to defend an arrested Soviet spy in court, and then help the CIA facilitate an exchange of the spy for the Soviet captured American U2 spy plane pilot, Francis Gary Powers.",Steven Spielberg,"Tom Hanks, Mark Rylance, Alan Alda, Amy Ryan",2015,142,7.6,217938,72.31,81.0
380,381,What We Do in the Shadows,"Comedy,Fantasy,Horror","A documentary team films the lives of a group of vampires for a few months. The vampires share a house in Wellington, New Zealand. Turns out vampires have their own domestic problems too.",Jemaine Clement,"Jemaine Clement, Taika Waititi,Cori Gonzalez-Macuer, Jonny Brugh",2014,86,7.6,84016,3.33,76.0
377,378,Creed,"Drama,Sport","The former World Heavyweight Champion Rocky Balboa serves as a trainer and mentor to Adonis Johnson, the son of his late friend and former rival Apollo Creed.",Ryan Coogler,"Michael B. Jordan, Sylvester Stallone, Tessa Thompson, Phylicia Rashad",2015,133,7.6,175673,109.71,82.0
727,728,The Illusionist,"Drama,Mystery,Romance","In turn-of-the-century Vienna, a magician uses his abilities to secure the love of a woman far above his social standing.",Neil Burger,"Edward Norton, Jessica Biel, Paul Giamatti, Rufus Sewell",2006,110,7.6,309934,39.83,68.0
281,282,Sherlock Holmes,"Action,Adventure,Crime",Detective Sherlock Holmes and his stalwart partner Watson engage in a battle of wits and brawn with a nemesis whose plot is a threat to all of England.,Guy Ritchie,"Robert Downey Jr., Jude Law, Rachel McAdams, Mark Strong",2009,128,7.6,501769,209.02,57.0
245,246,Les MisÃ©rables,"Drama,Musical,Romance","In 19th-century France, Jean Valjean, who for decades has been hunted by the ruthless policeman Javert after breaking parole, agrees to care for a factory worker's daughter. The decision changes their lives forever.",Tom Hooper,"Hugh Jackman, Russell Crowe, Anne Hathaway,Amanda Seyfried",2012,158,7.6,257426,148.78,63.0
979,980,The Skin I Live In,"Drama,Thriller","A brilliant plastic surgeon, haunted by past tragedies, creates a type of synthetic skin that withstands any kind of damage. His guinea pig: a mysterious and volatile woman who holds the key to his obsession.",Pedro AlmodÃ³var,"Antonio Banderas, Elena Anaya, Jan Cornet,Marisa Paredes",2011,120,7.6,108772,3.19,70.0
153,154,Sicario,"Action,Crime,Drama",An idealistic FBI agent is enlisted by a government task force to aid in the escalating war against drugs at the border area between the U.S. and Mexico.,Denis Villeneuve,"Emily Blunt, Josh Brolin, Benicio Del Toro, Jon Bernthal",2015,121,7.6,243230,46.88,82.0
37,38,Doctor Strange,"Action,Adventure,Fantasy","While on a journey of physical and spiritual healing, a brilliant neurosurgeon is drawn into the world of the mystic arts.",Scott Derrickson,"Benedict Cumberbatch, Chiwetel Ejiofor, Rachel McAdams, Benedict Wong",2016,115,7.6,293732,232.6,72.0
148,149,Superbad,Comedy,Two co-dependent high school seniors are forced to deal with separation anxiety after their plan to stage a booze-soaked party goes awry.,Greg Mottola,"Michael Cera, Jonah Hill, Christopher Mintz-Plasse, Bill Hader",2007,113,7.6,442082,121.46,76.0
147,148,Watchmen,"Action,Drama,Mystery","In 1985 where former superheroes exist, the murder of a colleague sends active vigilante Rorschach into his own sprawling investigation, uncovering something that could completely change the course of history as we know it.",Zack Snyder,"Jackie Earle Haley, Patrick Wilson, Carla Gugino,Malin Akerman",2009,162,7.6,410249,107.5,56.0
672,673,The Hurt Locker,"Drama,History,Thriller","During the Iraq War, a Sergeant recently assigned to an army bomb squad is put at odds with his squad mates due to his maverick way of handling his work.",Kathryn Bigelow,"Jeremy Renner, Anthony Mackie, Brian Geraghty,Guy Pearce",2008,131,7.6,352023,15.7,94.0
854,855,Kung Fu Panda,"Animation,Action,Adventure","The Dragon Warrior has to clash against the savage Tai Lung as China's fate hangs in the balance: However, the Dragon Warrior mantle is supposedly mistaken to be bestowed upon an obese panda who is a tyro in martial arts.",Mark Osborne,"Jack Black, Ian McShane,Angelina Jolie, Dustin Hoffman",2008,92,7.6,329788,215.4,73.0
686,687,Hunger,"Biography,Drama",Irish republican Bobby Sands leads the inmates of a Northern Irish prison in a hunger strike.,Steve McQueen,"Stuart Graham, Laine Megaw, Brian Milligan, Liam McMahon",2008,96,7.6,54486,0.15,82.0
711,712,La tortue rouge,"Animation,Fantasy","A man is shipwrecked on a deserted island and encounters a red turtle, which changes his life.",Michael Dudok de Wit,"Emmanuel Garijo, Tom Hudson, Baptiste Goy, Axel Devillers",2016,80,7.6,11482,0.92,86.0
176,177,Dawn of the Planet of the Apes,"Action,Adventure,Drama",A growing nation of genetically evolved apes led by Caesar is threatened by a band of human survivors of the devastating virus unleashed a decade earlier.,Matt Reeves,"Gary Oldman, Keri Russell, Andy Serkis, Kodi Smit-McPhee",2014,130,7.6,337777,208.54,79.0
72,73,A Monster Calls,"Drama,Fantasy",A boy seeks the help of a tree monster to cope with his single mother's terminal illness.,J.A. Bayona,"Lewis MacDougall, Sigourney Weaver, Felicity Jones,Toby Kebbell",2016,108,7.5,39134,3.73,76.0
314,315,Harry Potter and the Order of the Phoenix,"Adventure,Family,Fantasy","With their warning about Lord Voldemort's return scoffed at, Harry and Dumbledore are targeted by the Wizard authorities as an authoritarian bureaucrat slowly seizes power at Hogwarts.",David Yates,"Daniel Radcliffe, Emma Watson, Rupert Grint, Brendan Gleeson",2007,138,7.5,385325,292.0,71.0
636,637,Source Code,"Mystery,Romance,Sci-Fi",A soldier wakes up in someone else's body and discovers he's part of an experimental government program to find the bomber of a commuter train. A mission he has only 8 minutes to complete.,Duncan Jones,"Jake Gyllenhaal, Michelle Monaghan, Vera Farmiga,Jeffrey Wright",2011,93,7.5,404884,54.7,74.0
567,568,Juno,"Comedy,Drama","Faced with an unplanned pregnancy, an offbeat young woman makes an unusual decision regarding her unborn child.",Jason Reitman,"Ellen Page, Michael Cera, Jennifer Garner, Jason Bateman",2007,96,7.5,432461,143.49,81.0
760,761,August Rush,"Drama,Music","A drama with fairy tale elements, where an orphaned musical prodigy uses his gift as a clue to finding his birth parents.",Kirsten Sheridan,"Freddie Highmore, Keri Russell, Jonathan Rhys Meyers, Terrence Howard",2007,114,7.5,91229,31.66,38.0
857,858,Freedom Writers,"Biography,Crime,Drama","A young teacher inspires her class of at-risk students to learn tolerance, apply themselves, and pursue education beyond high school.",Richard LaGravenese,"Hilary Swank, Imelda Staunton, Patrick Dempsey, Scott Glenn",2007,123,7.5,55648,36.58,64.0
68,69,Wakefield,Drama,A man's nervous breakdown causes him to leave his wife and live in his attic for several months.,Robin Swicord,"Bryan Cranston, Jennifer Garner, Beverly D'Angelo,Jason O'Mara",2016,106,7.5,291,0.01,61.0
254,255,The Conjuring,"Horror,Mystery,Thriller",Paranormal investigators Ed and Lorraine Warren work to help a family terrorized by a dark presence in their farmhouse.,James Wan,"Patrick Wilson, Vera Farmiga, Ron Livingston, Lili Taylor",2013,112,7.5,330305,137.39,68.0
613,614,The Assassination of Jesse James by the Coward Robert Ford,"Biography,Crime,Drama","Robert Ford, who's idolized Jesse James since childhood, tries hard to join the reforming gang of the Missouri outlaw, but gradually becomes resentful of the bandit leader.",Andrew Dominik,"Brad Pitt, Casey Affleck, Sam Shepard, Mary-Louise Parker",2007,160,7.5,143564,3.9,68.0
267,268,Cloud Atlas,"Drama,Sci-Fi","An exploration of how the actions of individual lives impact one another in the past, present and future, as one soul is shaped from a killer into a hero, and an act of kindness ripples across centuries to inspire a revolution.",Tom Tykwer,"Tom Hanks, Halle Berry, Hugh Grant, Hugo Weaving",2012,172,7.5,298651,27.1,55.0
158,159,Scott Pilgrim vs. the World,"Action,Comedy,Fantasy",Scott Pilgrim must defeat his new girlfriend's seven evil exes in order to win her heart.,Edgar Wright,"Michael Cera, Mary Elizabeth Winstead, Kieran Culkin, Alison Pill",2010,112,7.5,291457,31.49,69.0
10,11,Fantastic Beasts and Where to Find Them,"Adventure,Family,Fantasy",The adventures of writer Newt Scamander in New York's secret community of witches and wizards seventy years before Harry Potter reads his book in school.,David Yates,"Eddie Redmayne, Katherine Waterston, Alison Sudol,Dan Fogler",2016,133,7.5,232072,234.02,66.0
915,916,Goksung,"Drama,Fantasy,Horror",A stranger arrives in a little village and soon after a mysterious sickness starts spreading. A policeman is drawn into the incident and is forced to solve the mystery in order to save his daughter.,Hong-jin Na,"Jun Kunimura, Jung-min Hwang, Do-won Kwak, Woo-hee Chun",2016,156,7.5,17962,0.79,81.0
918,919,Perfume: The Story of a Murderer,"Crime,Drama,Fantasy","Jean-Baptiste Grenouille, born with a superior olfactory sense, creates the world's finest perfume. His work, however, takes a dark turn as he searches for the ultimate scent.",Tom Tykwer,"Ben Whishaw, Dustin Hoffman, Alan Rickman,Francesc Albiol",2006,147,7.5,199387,2.21,56.0
441,442,Brooklyn,"Drama,Romance","An Irish immigrant lands in 1950s Brooklyn, where she quickly falls into a romance with a local. When her past catches up with her, however, she must choose between two countries and the lives that exist within.",John Crowley,"Saoirse Ronan, Emory Cohen, Domhnall Gleeson,Jim Broadbent",2015,117,7.5,94977,38.32,87.0
881,882,Saving Mr. Banks,"Biography,Comedy,Drama","Author P.L. Travers reflects on her childhood after reluctantly meeting with Walt Disney, who seeks to adapt her Mary Poppins books for the big screen.",John Lee Hancock,"Emma Thompson, Tom Hanks, Annie Rose Buckley, Colin Farrell",2013,125,7.5,125693,83.3,65.0
643,644,Frantz,"Drama,History,War","In the aftermath of WWI, a young German who grieves the death of her fiancÃ© in France meets a mysterious Frenchman who visits the fiancÃ©'s grave to lay flowers.",FranÃ§ois Ozon,"Pierre Niney, Paula Beer, Ernst StÃ¶tzner, Marie Gruber",2016,113,7.5,4304,0.86,73.0
681,682,We Need to Talk About Kevin,"Drama,Mystery,Thriller","Kevin's mother struggles to love her strange child, despite the increasingly vicious things he says and does as he grows up. But Kevin is just getting started, and his final act will be beyond anything anyone imagined.",Lynne Ramsay,"Tilda Swinton, John C. Reilly, Ezra Miller, Jasper Newell",2011,112,7.5,104953,1.74,68.0
207,208,Paterson,"Comedy,Drama,Romance","A quiet observation of the triumphs and defeats of daily life, along with the poetry evident in its smallest details.",Jim Jarmusch,"Adam Driver, Golshifteh Farahani, Nellie, Rizwan Manji",2016,118,7.5,26089,2.14,90.0
41,42,Moonlight,Drama,"A chronicle of the childhood, adolescence and burgeoning adulthood of a young, African-American, gay man growing up in a rough neighborhood of Miami.",Barry Jenkins,"Mahershala Ali, Shariff Earp, Duan Sanderson, Alex R. Hibbert",2016,111,7.5,135095,27.85,99.0
290,291,Busanhaeng,"Action,Drama,Horror","While a zombie virus breaks out in South Korea, passengers struggle to survive on the train from Seoul to Busan.",Sang-ho Yeon,"Yoo Gong, Soo-an Kim, Yu-mi Jung, Dong-seok Ma",2016,118,7.5,58782,2.13,72.0
836,837,Bacalaureat,"Crime,Drama",A film about compromises and the implications of the parent's role.,Cristian Mungiu,"Adrian Titieni, Maria-Victoria Dragus, Lia Bugnar,Malina Manovici",2016,128,7.5,5531,0.13,84.0
301,302,Lone Survivor,"Action,Biography,Drama","Marcus Luttrell and his team set out on a mission to capture or kill notorious Taliban leader Ahmad Shah, in late June 2005. Marcus and his team are left to fight for their lives in one of the most valiant efforts of modern warfare.",Peter Berg,"Mark Wahlberg, Taylor Kitsch, Emile Hirsch, Ben Foster",2013,121,7.5,218996,125.07,60.0
735,736,Hugo,"Adventure,Drama,Family","In Paris in 1931, an orphan named Hugo Cabret who lives in the walls of a train station is wrapped up in a mystery involving his late father and an automaton.",Martin Scorsese,"Asa Butterfield, ChloÃ« Grace Moretz, Christopher Lee, Ben Kingsley",2011,126,7.5,259182,73.82,83.0
885,886,Babel,Drama,"Tragedy strikes a married couple on vacation in the Moroccan desert, touching off an interlocking story involving four different families.",Alejandro GonzÃ¡lez IÃ±Ã¡rritu,"Brad Pitt, Cate Blanchett, Gael GarcÃ­a Bernal, Mohamed Akhzam",2006,143,7.5,253417,34.3,69.0
463,464,Predestination,"Drama,Mystery,Sci-Fi","For his final assignment, a top temporal agent must pursue the one criminal that has eluded him throughout time. The chase turns into a unique, surprising and mind-bending exploration of love, fate, identity and time travel taboos.",Michael Spierig,"Ethan Hawke, Sarah Snook, Noah Taylor, Madeleine West",2014,97,7.5,187760,84.56455847255368,69.0
125,126,The Jungle Book,"Adventure,Drama,Family","After a threat from the tiger Shere Khan forces him to flee the jungle, a man-cub named Mowgli embarks on a journey of self discovery with the help of panther, Bagheera, and free spirited bear, Baloo.",Jon Favreau,"Neel Sethi, Bill Murray, Ben Kingsley, Idris Elba",2016,106,7.5,198243,364.0,77.0
206,207,Raw (II),"Drama,Horror","When a young vegetarian undergoes a carnivorous hazing ritual at vet school, an unbidden taste for meat begins to grow in her.",Julia Ducournau,"Garance Marillier, Ella Rumpf, Rabah Nait Oufella,Laurent Lucas",2016,99,7.5,5435,0.51,81.0
31,32,Nocturnal Animals,"Drama,Thriller","A wealthy art gallery owner is haunted by her ex-husband's novel, a violent thriller she interprets as a symbolic revenge tale.",Tom Ford,"Amy Adams, Jake Gyllenhaal, Michael Shannon, Aaron Taylor-Johnson",2016,116,7.5,126030,10.64,67.0
849,850,42,"Biography,Drama,Sport",This movie is about Jackie Robinson and his journey to becoming a Brooklyn Dodger and his life during that time.,Brian Helgeland,"Chadwick Boseman, T.R. Knight, Harrison Ford,Nicole Beharie",2013,128,7.5,69659,95.0,62.0
465,466,Sherlock Holmes: A Game of Shadows,"Action,Adventure,Crime","Sherlock Holmes and his sidekick Dr. Watson join forces to outwit and bring down their fiercest adversary, Professor Moriarty.",Guy Ritchie,"Robert Downey Jr., Jude Law, Jared Harris, Rachel McAdams",2011,129,7.5,357436,186.83,48.0
59,60,Sully,"Biography,Drama","The story of Chesley Sullenberger, an American pilot who became a hero after landing his damaged plane on the Hudson River in order to save the flight's passengers and crew.",Clint Eastwood,"Tom Hanks, Aaron Eckhart, Laura Linney, Valerie Mahaffey",2016,96,7.5,137608,125.07,74.0
473,474,Harry Potter and the Half-Blood Prince,"Adventure,Family,Fantasy","As Harry Potter begins his sixth year at Hogwarts, he discovers an old book marked as ""the property of the Half-Blood Prince"" and begins to learn more about Lord Voldemort's dark past.",David Yates,"Daniel Radcliffe, Emma Watson, Rupert Grint, Michael Gambon",2009,153,7.5,351059,301.96,78.0
174,175,Frozen,"Animation,Adventure,Comedy","When the newly crowned Queen Elsa accidentally uses her power to turn things into ice to curse her home in infinite winter, her sister, Anna, teams up with a mountain man, his playful reindeer, and a snowman to change the weather condition.",Chris Buck,"Kristen Bell, Idina Menzel, Jonathan Groff, Josh Gad",2013,102,7.5,451894,400.74,74.0
341,342,Looper,"Action,Crime,Drama","In 2074, when the mob wants to get rid of someone, the target is sent into the past, where a hired gun awaits - someone like Joe - who one day learns the mob wants to 'close the loop' by sending back Joe's future self for assassination.",Rian Johnson,"Joseph Gordon-Levitt, Bruce Willis, Emily Blunt, Paul Dano",2012,119,7.4,452369,66.47,84.0
433,434,Mission: Impossible - Ghost Protocol,"Action,Adventure,Thriller","The IMF is shut down when it's implicated in the bombing of the Kremlin, causing Ethan Hunt and his new team to go rogue to clear their organization's name.",Brad Bird,"Tom Cruise, Jeremy Renner, Simon Pegg, Paula Patton",2011,132,7.4,382459,209.36,73.0
541,542,Limitless,"Mystery,Sci-Fi,Thriller","With the help of a mysterious pill that enables the user to access 100 percent of his brain abilities, a struggling writer becomes a financial wizard, but it also puts him in a new world with lots of dangers.",Neil Burger,"Bradley Cooper, Anna Friel, Abbie Cornish, Robert De Niro",2011,105,7.4,444417,79.24,59.0
381,382,Southpaw,"Drama,Sport",Boxer Billy Hope turns to trainer Tick Wills to help him get his life back on track after losing his wife in a tragic accident and his daughter to child protection services.,Antoine Fuqua,"Jake Gyllenhaal, Rachel McAdams, Oona Laurence,Forest Whitaker",2015,124,7.4,169083,52.42,57.0
327,328,A Street Cat Named Bob,"Biography,Comedy,Drama","Based on the international best selling book. The true feel good story of how James Bowen, a busker and recovering drug addict, had his life transformed when he met a stray ginger cat.",Roger Spottiswoode,"Luke Treadaway, Bob the Cat, Ruta Gedmintas, Joanne Froggatt",2016,103,7.4,12643,0.04,54.0
982,983,Across the Universe,"Drama,Fantasy,Musical",The music of the Beatles and the Vietnam War form the backdrop for the romance between an upper-class American girl and a poor Liverpudlian artist.,Julie Taymor,"Evan Rachel Wood, Jim Sturgess, Joe Anderson, Dana Fuchs",2007,133,7.4,95172,24.34,56.0
247,248,20th Century Women,"Comedy,Drama","The story of a teenage boy, his mother, and two other women who help raise him among the love and freedom of Southern California of 1979.",Mike Mills,"Annette Bening, Elle Fanning, Greta Gerwig, Billy Crudup",2016,119,7.4,14708,5.66,83.0
406,407,Zero Dark Thirty,"Drama,History,Thriller","A chronicle of the decade-long hunt for al-Qaeda terrorist leader Osama bin Laden after the September 2001 attacks, and his death at the hands of the Navy S.E.A.L.s Team 6 in May 2011.",Kathryn Bigelow,"Jessica Chastain, Joel Edgerton, Chris Pratt, Mark Strong",2012,157,7.4,226661,95.72,95.0
708,709,The Judge,"Crime,Drama","Big-city lawyer Hank Palmer returns to his childhood home where his father, the town's judge, is suspected of murder. Hank sets out to discover the truth and, along the way, reconnects with his estranged family.",David Dobkin,"Robert Downey Jr., Robert Duvall, Vera Farmiga, Billy Bob Thornton",2014,141,7.4,146812,47.11,48.0
333,334,Lincoln,"Biography,Drama,History","As the War continues to rage, America's president struggles with continuing carnage on the battlefield as he fights with many inside his own cabinet on the decision to emancipate the slaves.",Steven Spielberg,"Daniel Day-Lewis, Sally Field, David Strathairn,Joseph Gordon-Levitt",2012,150,7.4,207497,182.2,86.0
313,314,The Hobbit: The Battle of the Five Armies,"Adventure,Fantasy",Bilbo and Company are forced to engage in a war against an array of combatants and keep the Lonely Mountain from falling into the hands of a rising darkness.,Peter Jackson,"Ian McKellen, Martin Freeman, Richard Armitage,Cate Blanchett",2014,144,7.4,385598,255.11,59.0
650,651,Sweeney Todd: The Demon Barber of Fleet Street,"Drama,Horror,Musical","The infamous story of Benjamin Barker, a.k.a. Sweeney Todd, who sets up a barber shop down in London which is the basis for a sinister partnership with his fellow tenant, Mrs. Lovett. Based on the hit Broadway musical.",Tim Burton,"Johnny Depp, Helena Bonham Carter, Alan Rickman,Timothy Spall",2007,116,7.4,296289,52.88,83.0
797,798,Despicable Me 2,"Animation,Adventure,Comedy","When Gru, the world's most super-bad turned super-dad has been recruited by a team of officials to stop lethal muscle and a host of Gru's own, He has to fight back with new gadgetry, cars, and more minion madness.",Pierre Coffin,"Steve Carell, Kristen Wiig, Benjamin Bratt, Miranda Cosgrove",2013,98,7.4,304837,368.05,62.0
146,147,The Edge of Seventeen,"Comedy,Drama","High-school life gets even more unbearable for Nadine when her best friend, Krista, starts dating her older brother.",Kelly Fremon Craig,"Hailee Steinfeld, Haley Lu Richardson, Blake Jenner, Kyra Sedgwick",2016,104,7.4,47694,14.26,77.0
851,852,Begin Again,"Drama,Music",A chance encounter between a disgraced music-business executive and a young singer-songwriter new to Manhattan turns into a promising collaboration between the two talents.,John Carney,"Keira Knightley, Mark Ruffalo, Adam Levine, Hailee Steinfeld",2013,104,7.4,111875,16.17,62.0
119,120,Finding Dory,"Animation,Adventure,Comedy","The friendly but forgetful blue tang fish, Dory, begins a search for her long-lost parents, and everyone learns a few things about the real meaning of family along the way.",Andrew Stanton,"Ellen DeGeneres, Albert Brooks,Ed O'Neill, Kaitlin Olson",2016,97,7.4,157026,486.29,77.0
95,96,The Nice Guys,"Action,Comedy,Crime","In 1970s Los Angeles, a mismatched pair of private eyes investigate a missing girl and the mysterious death of a porn star.",Shane Black,"Russell Crowe, Ryan Gosling, Angourie Rice, Matt Bomer",2016,116,7.4,175067,36.25,70.0
94,95,Avengers: Age of Ultron,"Action,Adventure,Sci-Fi","When Tony Stark and Bruce Banner try to jump-start a dormant peacekeeping program called Ultron, things go horribly wrong and it's up to Earth's mightiest heroes to stop the villainous Ultron from enacting his terrible plan.",Joss Whedon,"Robert Downey Jr., Chris Evans, Mark Ruffalo, Chris Hemsworth",2015,141,7.4,516895,458.99,66.0
832,833,Jane Eyre,"Drama,Romance",A mousy governess who softens the heart of her employer soon discovers that he's hiding a terrible secret.,Cary Joji Fukunaga,"Mia Wasikowska, Michael Fassbender, Jamie Bell, Su Elliot",2011,120,7.4,67464,11.23,76.0
89,90,The Accountant,"Action,Crime,Drama","As a math savant uncooks the books for a new client, the Treasury Department closes in on his activities and the body count starts to rise.",Gavin O'Connor,"Ben Affleck, Anna Kendrick, J.K. Simmons, Jon Bernthal",2016,128,7.4,162122,86.2,51.0
475,476,Eddie the Eagle,"Biography,Comedy,Drama","The story of Eddie Edwards, the notoriously tenacious British underdog ski jumper who charmed the world at the 1988 Winter Olympics.",Dexter Fletcher,"Taron Egerton, Hugh Jackman, Tom Costello, Jo Hartley",2016,106,7.4,56332,15.79,54.0
498,499,Law Abiding Citizen,"Crime,Drama,Thriller",A frustrated man decides to take justice into his own hands after a plea bargain sets one of his family's killers free. He targets not only the killer but also the district attorney and others involved in the deal.,F. Gary Gray,"Gerard Butler, Jamie Foxx, Leslie Bibb, Colm Meaney",2009,109,7.4,228339,73.34,34.0
157,158,"Crazy, Stupid, Love.","Comedy,Drama,Romance","A middle-aged husband's life changes dramatically when his wife asks him for a divorce. He seeks to rediscover his manhood with the help of a newfound friend, Jacob, learning to pick up girls at bars.",Glenn Ficarra,"Steve Carell, Ryan Gosling, Julianne Moore, Emma Stone",2011,118,7.4,396714,84.24,68.0
974,975,Queen of Katwe,"Biography,Drama,Sport",A Ugandan girl sees her world rapidly change after being introduced to the game of chess.,Mira Nair,"Madina Nalwanga, David Oyelowo, Lupita Nyong'o, Martin Kabanza",2016,124,7.4,6753,8.81,73.0
178,179,The Conjuring 2,"Horror,Mystery,Thriller",Lorraine and Ed Warren travel to north London to help a single mother raising four children alone in a house plagued by a malicious spirit.,James Wan,"Vera Farmiga, Patrick Wilson, Madison Wolfe, Frances O'Connor",2016,134,7.4,137203,102.46,65.0
66,67,Patriots Day,"Drama,History,Thriller","The story of the 2013 Boston Marathon bombing and the aftermath, which includes the city-wide manhunt to find the terrorists responsible.",Peter Berg,"Mark Wahlberg, Michelle Monaghan, J.K. Simmons, John Goodman",2016,133,7.4,39784,31.86,69.0
57,58,Me Before You,"Drama,Romance",A girl in a small town forms an unlikely bond with a recently-paralyzed man she's taking care of.,Thea Sharrock,"Emilia Clarke, Sam Claflin, Janet McTeer, Charles Dance",2016,106,7.4,113322,56.23,51.0
233,234,Mission: Impossible - Rogue Nation,"Action,Adventure,Thriller","Ethan and team take on their most impossible mission yet, eradicating the Syndicate - an International rogue organization as highly skilled as they are, committed to destroying the IMF.",Christopher McQuarrie,"Tom Cruise, Rebecca Ferguson, Jeremy Renner, Simon Pegg",2015,131,7.4,257472,195.0,75.0
443,444,Blue Valentine,"Drama,Romance","The relationship of a contemporary married couple, charting their evolution over a span of years by cross-cutting between time periods.",Derek Cianfrance,"Ryan Gosling, Michelle Williams, John Doman,Faith Wladyka",2010,112,7.4,151409,9.7,81.0
697,698,I Origins,"Drama,Romance,Sci-Fi",A molecular biologist and his laboratory partner uncover evidence that may fundamentally change society as we know it.,Mike Cahill,"Michael Pitt, Steven Yeun, Astrid BergÃ¨s-Frisbey, Brit Marling",2014,106,7.3,86271,0.33,57.0
